File,Cell_ID,Category,Area_px,Area_um2,Mean_Intensity_Raw,Mean_Intensity_Corr,Int_Density_Raw,Int_Density_Corr,Background_Level,Used_Alpha,Global_Threshold,Min_Area_Setting,Max_Area_Setting,Close_Radius_Setting,Subtract_BG_Setting
S02,1,OK,280.0,3.5123200000000003,31759.84,25925.84,8892755.15625,7259235.15625,5834.0,10.0,25365.07,1.5,30.0,1,True
S02,1,OK,188.0,2.3582720000000004,30105.574,24271.574,5659847.953125,4563055.953125,5834.0,10.0,25365.07,1.5,30.0,1,True
S02,1,OK,125.0,1.568,28821.072,22987.072,3602634.033203125,2873384.033203125,5834.0,10.0,25365.07,1.5,30.0,1,True
S02,1,OK,175.0,2.1952000000000003,31943.52,26109.52,5590115.91796875,4569165.91796875,5834.0,10.0,25365.07,1.5,30.0,1,True
S02,1,OK,193.0,2.4209920000000005,34860.297,29026.297,6728037.296875,5602075.296875,5834.0,10.0,25365.07,1.5,30.0,1,True
S02,2,OK,296.0,3.7130240000000003,30021.719,24187.719,8886428.75,7159564.75,5834.0,10.0,25365.07,1.5,30.0,1,True
S02,2,OK,285.0,3.5750400000000004,27238.203,21404.203,7762887.890625,6100197.890625,5834.0,10.0,25365.07,1.5,30.0,1,True
S02,2,OK,263.0,3.2990720000000002,29673.578,23839.578,7804151.046875,6269809.046875,5834.0,10.0,25365.07,1.5,30.0,1,True
S02,5,OK,730.0,9.15712,28204.271,22370.271,20589118.18359375,16330298.18359375,5834.0,10.0,25365.07,1.5,30.0,1,True
